Units,Inch,,,,
LocalizedCategoryId,1,,,,
Designation,Class,Minor Diameter Min,Minor Diameter Max,Major Diameter Min,Threads per Inch or Thread Pitch
0-80 UNF,2B,0.0465,0.0514,0.06,80
0-80 UNF,3B,0.0465,0.0514,0.06,80
1-64 UNC,2B,0.0561,0.0623,0.073,64
1-64 UNC,3B,0.0561,0.0623,0.073,64
1-72 UNF,2B,0.058,0.0635,0.073,72
1-72 UNF,3B,0.058,0.0635,0.073,72
2-56 UNC,2B,0.0667,0.0737,0.086,56
2-56 UNC,3B,0.0667,0.0737,0.086,56
2-64 UNF,2B,0.0691,0.0753,0.086,64
2-64 UNF,3B,0.0691,0.0753,0.086,64
3-48 UNC,2B,0.0764,0.0845,0.099,48
3-48 UNC,3B,0.0764,0.0845,0.099,48
3-56 UNF,2B,0.0797,0.0865,0.099,56
3-56 UNF,3B,0.0797,0.0865,0.099,56
4-40 UNC,2B,0.0849,0.0939,0.112,40
4-40 UNC,3B,0.0849,0.0939,0.112,40
4-48 UNF,2B,0.0894,0.0968,0.112,48
4-48 UNF,3B,0.0894,0.0968,0.112,48
5-40 UNC,2B,0.0979,0.1062,0.125,40
5-40 UNC,3B,0.0979,0.1062,0.125,40
5-44 UNF,2B,0.1004,0.1079,0.125,44
5-44 UNF,3B,0.1004,0.1079,0.125,44
6-32 UNC,2B,0.104,0.114,0.138,32
6-32 UNC,3B,0.104,0.114,0.138,32
6-40 UNF,2B,0.111,0.119,0.138,40
6-40 UNF,3B,0.111,0.1186,0.138,40
8-32 UNC,2B,0.13,0.139,0.164,32
8-32 UNC,3B,0.13,0.1389,0.164,32
8-36 UNF,2B,0.134,0.142,0.164,36
8-36 UNF,3B,0.134,0.1416,0.164,36
10-24 UNC,2B,0.145,0.156,0.19,24
10-24 UNC,3B,0.145,0.1555,0.19,24
10-28 UNS,2B,0.151,0.16,0.19,28
10-32 UNF,2B,0.156,0.164,0.19,32
10-32 UNF,3B,0.156,0.1641,0.19,32
10-36 UNS,2B,0.16,0.166,0.19,36
10-40 UNS,2B,0.163,0.169,0.19,40
10-48 UNS,2B,0.167,0.172,0.19,48
10-56 UNS,2B,0.171,0.175,0.19,56
12-24 UNC,2B,0.171,0.181,0.216,24
12-24 UNC,3B,0.171,0.1807,0.216,24
12-28 UNF,2B,0.177,0.186,0.216,28
12-28 UNF,3B,0.177,0.1857,0.216,28
12-32 UNEF,2B,0.182,0.19,0.216,32
12-32 UNEF,3B,0.182,0.1895,0.216,32
12-36 UNS,2B,0.186,0.192,0.216,36
12-40 UNS,2B,0.189,0.195,0.216,40
12-48 UNS,2B,0.193,0.198,0.216,48
12-56 UNS,2B,0.197,0.201,0.216,56
1/4-20 UNC,1B,0.196,0.207,0.25,20
1/4-20 UNC,2B,0.196,0.207,0.25,20
1/4-20 UNC,3B,0.196,0.2067,0.25,20
1/4-24 UNS,2B,0.205,0.215,0.25,24
1/4-27 UNS,2B,0.21,0.219,0.25,27
1/4-28 UNF,1B,0.211,0.22,0.25,28
1/4-28 UNF,2B,0.211,0.22,0.25,28
1/4-28 UNF,3B,0.211,0.219,0.25,28
1/4-32 UNEF,2B,0.216,0.224,0.25,32
1/4-32 UNEF,3B,0.216,0.2229,0.25,32
1/4-36 UNS,2B,0.22,0.226,0.25,36
1/4-40 UNS,2B,0.223,0.229,0.25,40
1/4-48 UNS,2B,0.227,0.232,0.25,48
1/4-56 UNS,2B,0.231,0.235,0.25,56
5/16-18 UNC,1B,0.252,0.265,0.3125,18
5/16-18 UNC,2B,0.252,0.265,0.3125,18
5/16-18 UNC,3B,0.252,0.263,0.3125,18
5/16-20 UN,2B,0.258,0.27,0.3125,20
5/16-20 UN,3B,0.258,0.268,0.3125,20
5/16-24 UNF,1B,0.267,0.277,0.3125,24
5/16-24 UNF,2B,0.267,0.277,0.3125,24
5/16-24 UNF,3B,0.267,0.2754,0.3125,24
5/16-27 UNS,2B,0.272,0.281,0.3125,27
5/16-28 UN,2B,0.274,0.282,0.3125,28
5/16-28 UN,3B,0.274,0.2807,0.3125,28
5/16-32 UNEF,2B,0.279,0.286,0.3125,32
5/16-32 UNEF,3B,0.279,0.2847,0.3125,32
5/16-36 UNS,2B,0.282,0.289,0.3125,36
5/16-40 UNS,2B,0.285,0.291,0.3125,40
5/16-48 UNS,2B,0.29,0.295,0.3125,48
3/8-16 UNC,1B,0.307,0.321,0.375,16
3/8-16 UNC,2B,0.307,0.321,0.375,16
3/8-16 UNC,3B,0.307,0.3182,0.375,16
3/8-18 UNS,2B,0.315,0.328,0.375,18
3/8-20 UN,2B,0.321,0.332,0.375,20
3/8-20 UN,3B,0.321,0.3297,0.375,20
3/8-24 UNF,1B,0.33,0.34,0.375,24
3/8-24 UNF,2B,0.33,0.34,0.375,24
3/8-24 UNF,3B,0.33,0.3372,0.375,24
3/8-27 UNS,2B,0.335,0.344,0.375,27
3/8-28 UN,2B,0.336,0.345,0.375,28
3/8-28 UN,3B,0.336,0.3426,0.375,28
3/8-32 UNEF,2B,0.341,0.349,0.375,32
3/8-32 UNEF,3B,0.341,0.3469,0.375,32
3/8-36 UNS,2B,0.345,0.352,0.375,36
3/8-40 UNS,2B,0.348,0.354,0.375,40
0.390-27 UNS,2B,0.35,0.359,0.39,27
7/16-14 UNC,1B,0.36,0.376,0.4375,14
7/16-14 UNC,2B,0.36,0.376,0.4375,14
7/16-14 UNC,3B,0.36,0.3717,0.4375,14
7/16-16 UN,2B,0.37,0.384,0.4375,16
7/16-16 UN,3B,0.37,0.38,0.4375,16
7/16-18 UNS,2B,0.377,0.39,0.4375,18
7/16-20 UNF,1B,0.383,0.395,0.4375,20
7/16-20 UNF,2B,0.383,0.395,0.4375,20
7/16-20 UNF,3B,0.383,0.3916,0.4375,20
7/16-24 UNS,2B,0.392,0.402,0.4375,24
7/16-27 UNS,2B,0.397,0.406,0.4375,27
7/16-28 UNEF,2B,0.399,0.407,0.4375,28
7/16-28 UNEF,3B,0.399,0.4051,0.4375,28
7/16-32 UN,2B,0.404,0.411,0.4375,32
7/16-32 UN,3B,0.404,0.4094,0.4375,32
1/2-12 UNS,2B,0.41,0.428,0.5,12
1/2-12 UNS,3B,0.41,0.4223,0.5,12
1/2-13 UNC,1B,0.417,0.434,0.5,13
1/2-13 UNC,2B,0.417,0.434,0.5,13
1/2-13 UNC,3B,0.417,0.4284,0.5,13
1/2-14 UNS,2B,0.423,0.438,0.5,14
1/2-16 UN,2B,0.432,0.446,0.5,16
1/2-16 UN,3B,0.432,0.4419,0.5,16
1/2-18 UNS,2B,0.44,0.453,0.5,18
1/2-20 UNF,1B,0.446,0.457,0.5,20
1/2-20 UNF,2B,0.446,0.457,0.5,20
1/2-20 UNF,3B,0.446,0.4537,0.5,20
1/2-24 UNS,2B,0.455,0.465,0.5,24
1/2-27 UNS,2B,0.46,0.469,0.5,27
1/2-28 UNEF,2B,0.461,0.47,0.5,28
1/2-28 UNEF,3B,0.461,0.4676,0.5,28
1/2-32 UN,2B,0.466,0.474,0.5,32
1/2-32 UN,3B,0.466,0.4719,0.5,32
9/16-12 UNC,1B,0.472,0.49,0.5625,12
9/16-12 UNC,2B,0.472,0.49,0.5625,12
9/16-12 UNC,3B,0.472,0.4843,0.5625,12
9/16-14 UNS,2B,0.485,0.501,0.5625,14
9/16-16 UN,2B,0.495,0.509,0.5625,16
9/16-16 UN,3B,0.495,0.504,0.5625,16
9/16-18 UNF,1B,0.502,0.515,0.5625,18
9/16-18 UNF,2B,0.502,0.515,0.5625,18
9/16-18 UNF,3B,0.502,0.5106,0.5625,18
9/16-20 UN,2B,0.508,0.52,0.5625,20
9/16-20 UN,3B,0.508,0.5162,0.5625,20
9/16-24 UNEF,2B,0.517,0.527,0.5625,24
9/16-24 UNEF,3B,0.517,0.5244,0.5625,24
9/16-27 UNS,2B,0.522,0.531,0.5625,27
9/16-28 UN,2B,0.524,0.532,0.5625,28
9/16-28 UN,3B,0.524,0.5301,0.5625,28
9/16-32 UN,2B,0.529,0.536,0.5625,32
9/16-32 UN,3B,0.529,0.5344,0.5625,32
5/8-11 UNC,1B,0.527,0.546,0.625,11
5/8-11 UNC,2B,0.527,0.546,0.625,11
5/8-11 UNC,3B,0.527,0.5391,0.625,11
5/8-12 UN,2B,0.535,0.553,0.625,12
5/8-12 UN,3B,0.535,0.5463,0.625,12
5/8-14 UNS,2B,0.548,0.564,0.625,14
5/8-16 UN,2B,0.557,0.571,0.625,16
5/8-16 UN,3B,0.557,0.5662,0.625,16
5/8-18 UNF,1B,0.565,0.578,0.625,18
5/8-18 UNF,2B,0.565,0.578,0.625,18
5/8-18 UNF,3B,0.565,0.573,0.625,18
5/8-20 UN,2B,0.571,0.582,0.625,20
5/8-20 UN,3B,0.571,0.5787,0.625,20
5/8-24 UNEF,2B,0.58,0.59,0.625,24
5/8-24 UNEF,3B,0.58,0.5869,0.625,24
5/8-27 UNS,2B,0.585,0.594,0.625,27
5/8-28 UN,2B,0.586,0.595,0.625,28
5/8-28 UN,3B,0.586,0.5926,0.625,28
5/8-32 UN,2B,0.591,0.599,0.625,32
5/8-32 UN,3B,0.591,0.5969,0.625,32
11/16-12 UN,2B,0.597,0.615,0.6875,12
11/16-12 UN,3B,0.597,0.6085,0.6875,12
11/16-16 UN,2B,0.62,0.634,0.6875,16
11/16-16 UN,3B,0.62,0.6284,0.6875,16
11/16-20 UN,2B,0.633,0.645,0.6875,20
11/16-20 UN,3B,0.633,0.6412,0.6875,20
11/16-24 UNEF,2B,0.642,0.652,0.6875,24
11/16-24 UNEF,3B,0.642,0.6494,0.6875,24
11/16-28 UN,2B,0.649,0.657,0.6875,28
11/16-28 UN,3B,0.649,0.6551,0.6875,28
11/16-32 UN,2B,0.654,0.661,0.6875,32
11/16-32 UN,3B,0.654,0.6594,0.6875,32
3/4-10 UNC,1B,0.642,0.663,0.75,10
3/4-10 UNC,2B,0.642,0.663,0.75,10
3/4-10 UNC,3B,0.642,0.6545,0.75,10
3/4-12 UN,2B,0.66,0.678,0.75,12
3/4-12 UN,3B,0.66,0.6707,0.75,12
3/4-14 UNS,2B,0.673,0.688,0.75,14
3/4-16 UNF,1B,0.682,0.696,0.75,16
3/4-16 UNF,2B,0.682,0.696,0.75,16
3/4-16 UNF,3B,0.682,0.6908,0.75,16
3/4-18 UNS,2B,0.69,0.703,0.75,18
3/4-20 UNEF,2B,0.696,0.707,0.75,20
3/4-20 UNEF,3B,0.696,0.7037,0.75,20
3/4-24 UNS,2B,0.705,0.715,0.75,24
3/4-24 UNS,2B,0.71,0.719,0.75,24
3/4-28 UN,2B,0.711,0.72,0.75,28
3/4-28 UN,3B,0.711,0.7176,0.75,28
3/4-32 UN,2B,0.716,0.724,0.75,32
3/4-32 UN,3B,0.716,0.7219,0.75,32
13/16-12 UN,2B,0.722,0.74,0.8125,12
13/16-12 UN,3B,0.722,0.7329,0.8125,12
13/16-16 UN,2B,0.745,0.759,0.8125,16
13/16-16 UN,3B,0.745,0.7533,0.8125,16
13/16-20 UNEF,2B,0.758,0.77,0.8125,20
13/16-20 UNEF,3B,0.758,0.7662,0.8125,20
13/16-28 UN,2B,0.774,0.782,0.8125,28
13/16-28 UN,3B,0.774,0.7801,0.8125,28
13/16-32 UN,2B,0.779,0.786,0.8125,32
13/16-32 UN,3B,0.779,0.7844,0.8125,32
7/8-9 UNC,1B,0.755,0.778,0.875,9
7/8-9 UNC,2B,0.755,0.778,0.875,9
7/8-9 UNC,3B,0.755,0.7681,0.875,9
7/8-10 UNS,2B,0.767,0.788,0.875,10
7/8-12 UN,2B,0.785,0.803,0.875,12
7/8-12 UN,3B,0.785,0.7948,0.875,12
7/8-14 UNF,1B,0.798,0.814,0.875,14
7/8-14 UNF,2B,0.798,0.814,0.875,14
7/8-14 UNF,3B,0.798,0.8068,0.875,14
7/8-16 UN,2B,0.807,0.821,0.875,16
7/8-16 UN,3B,0.807,0.8158,0.875,16
7/8-18 UNS,2B,0.815,0.828,0.875,18
7/8-20 UNEF,2B,0.821,0.832,0.875,20
7/8-20 UNEF,3B,0.821,0.8287,0.875,20
7/8-24 UNS,2B,0.83,0.84,0.875,24
7/8-27 UNS,2B,0.835,0.844,0.875,27
7/8-28 UN,2B,0.836,0.845,0.875,28
7/8-28 UN,3B,0.836,0.8426,0.875,28
7/8-32 UN,2B,0.841,0.849,0.875,32
7/8-32 UN,3B,0.841,0.8469,0.875,32
15/16-12 UN,2B,0.847,0.865,0.9375,12
15/16-12 UN,3B,0.847,0.8575,0.9375,12
15/16-16 UN,2B,0.87,0.884,0.9375,16
15/16-16 UN,3B,0.87,0.8783,0.9375,16
15/16-20 UNEF,2B,0.883,0.895,0.9375,20
15/16-20 UNEF,3B,0.883,0.8912,0.9375,20
15/16-28 UN,2B,0.899,0.907,0.9375,28
15/16-28 UN,3B,0.899,0.9051,0.9375,28
15/16-32 UN,2B,0.904,0.911,0.9375,32
15/16-32 UN,3B,0.904,0.9094,0.9375,32
1-8 UNC,1B,0.865,0.89,1,8
1-8 UNC,2B,0.865,0.89,1,8
1-8 UNC,3B,0.865,0.8797,1,8
1-10 UNS,2B,0.892,0.913,1,10
1-12 UNF,1B,0.91,0.928,1,12
1-12 UNF,2B,0.91,0.928,1,12
1-12 UNF,3B,0.91,0.9198,1,12
1-14 UNS,1B,0.923,0.938,1,14
1-14 UNS,2B,0.923,0.938,1,14
1-14 UNS,3B,0.923,0.9315,1,14
1-16 UN,2B,0.932,0.946,1,16
1-16 UN,3B,0.932,0.9408,1,16
1-18 UNS,2B,0.94,0.953,1,18
1-20 UNEF,2B,0.946,0.957,1,20
1-20 UNEF,3B,0.946,0.9537,1,20
1-24 UNS,2B,0.955,0.965,1,24
1-27 UNS,2B,0.96,0.969,1,27
1-28 UN,2B,0.961,0.97,1,28
1-28 UN,3B,0.961,0.9676,1,28
1-32 UN,2B,0.966,0.974,1,32
1-32 UN,3B,0.966,0.9719,1,32
1 1/16-8 UN,2B,0.927,0.952,1.0625,8
1 1/16-8 UN,3B,0.927,0.9422,1.0625,8
1 1/16-12 UN,2B,0.972,0.99,1.0625,12
1 1/16-12 UN,3B,0.972,0.9823,1.0625,12
1 1/16-16 UN,2B,0.995,1.009,1.0625,16
1 1/16-16 UN,3B,0.995,1.0033,1.0625,16
1 1/16-18 UNEF,2B,1.002,1.015,1.0625,18
1 1/16-18 UNEF,3B,1.002,1.0105,1.0625,18
1 1/16-20 UN,2B,1.008,1.02,1.0625,20
1 1/16-20 UN,3B,1.008,1.0162,1.0625,20
1 1/16-28 UN,2B,1.024,1.032,1.0625,28
1 1/16-28 UN,3B,1.024,1.0301,1.0625,28
1 1/8-7 UNC,1B,0.97,0.998,1.125,7
1 1/8-7 UNC,2B,0.97,0.998,1.125,7
1 1/8-7 UNC,3B,0.97,0.9875,1.125,7
1 1/8-8 UN,2B,0.99,1.015,1.125,8
1 1/8-8 UN,3B,0.99,1.0047,1.125,8
1 1/8-10 UNS,2B,1.017,1.038,1.125,10
1 1/8-12 UNF,1B,1.035,1.053,1.125,12
1 1/8-12 UNF,2B,1.035,1.053,1.125,12
1 1/8-12 UNF,3B,1.035,1.0448,1.125,12
1 1/8-14 UNS,2B,1.048,1.064,1.125,14
1 1/8-16 UN,2B,1.057,1.071,1.125,16
1 1/8-16 UN,3B,1.057,1.0658,1.125,16
1 1/8-18 UNEF,2B,1.065,1.078,1.125,18
1 1/8-18 UNEF,3B,1.065,1.073,1.125,18
1 1/8-20 UN,2B,1.071,1.082,1.125,20
1 1/8-20 UN,3B,1.071,1.0787,1.125,20
1 1/8-24 UNS,2B,1.08,1.09,1.125,24
1 1/8-28 UN,2B,1.086,1.095,1.125,28
1 1/8-28 UN,3B,1.086,1.0926,1.125,28
1 3/16-8 UN,2B,1.052,1.077,1.1875,8
1 3/16-8 UN,3B,1.052,1.0672,1.1875,8
1 3/16-12 UN,2B,1.097,1.115,1.1875,12
1 3/16-12 UN,3B,1.097,1.1073,1.1875,12
1 3/16-16 UN,2B,1.12,1.134,1.1875,16
1 3/16-16 UN,3B,1.12,1.1283,1.1875,16
1 3/16-18 UNEF,2B,1.127,1.14,1.1875,18
1 3/16-18 UNEF,3B,1.127,1.1355,1.1875,18
1 3/16-20 UN,2B,1.133,1.145,1.1875,20
1 3/16-20 UN,3B,1.133,1.1412,1.1875,20
1 3/16-28 UN,2B,1.149,1.157,1.1875,28
1 3/16-28 UN,3B,1.149,1.1551,1.1875,28
1 1/4-7 UNC,1B,1.095,1.123,1.25,7
1 1/4-7 UNC,2B,1.095,1.123,1.25,7
1 1/4-7 UNC,3B,1.095,1.1125,1.25,7
1 1/4-8 UN,2B,1.115,1.14,1.25,8
1 1/4-8 UN,3B,1.115,1.1297,1.25,8
1 1/4-10 UNS,2B,1.142,1.163,1.25,10
1 1/4-12 UNF,1B,1.16,1.178,1.25,12
1 1/4-12 UNF,2B,1.16,1.178,1.25,12
1 1/4-12 UNF,3B,1.16,1.1698,1.25,12
1 1/4-14 UNS,2B,1.173,1.188,1.25,14
1 1/4-16 UN,2B,1.182,1.196,1.25,16
1 1/4-16 UN,3B,1.182,1.1908,1.25,16
1 1/4-18 UNEF,2B,1.19,1.203,1.25,18
1 1/4-18 UNEF,3B,1.19,1.198,1.25,18
1 1/4-20 UN,2B,1.196,1.207,1.25,20
1 1/4-20 UN,3B,1.196,1.2037,1.25,20
1 1/4-24 UNS,2B,1.205,1.215,1.25,24
1 1/4-28 UN,2B,1.211,1.22,1.25,28
1 1/4-28 UN,3B,1.211,1.2176,1.25,28
1 5/16-8 UN,2B,1.177,1.202,1.3125,8
1 5/16-8 UN,3B,1.177,1.1922,1.3125,8
1 5/16-12 UN,2B,1.222,1.24,1.3125,12
1 5/16-12 UN,3B,1.222,1.2323,1.3125,12
1 5/16-16 UN,2B,1.245,1.259,1.3125,16
1 5/16-16 UN,3B,1.245,1.2533,1.3125,16
1 5/16-18 UNEF,2B,1.252,1.265,1.3125,18
1 5/16-18 UNEF,3B,1.252,1.2605,1.3125,18
1 5/16-20 UN,2B,1.258,1.27,1.3125,20
1 5/16-20 UN,3B,1.258,1.2662,1.3125,20
1 5/16-28 UN,2B,1.274,1.282,1.3125,28
1 5/16-28 UN,3B,1.274,1.2801,1.3125,28
1 3/8-6 UNC,1B,1.195,1.225,1.375,6
1 3/8-6 UNC,2B,1.195,1.225,1.375,6
1 3/8-6 UNC,3B,1.195,1.2146,1.375,6
1 3/8-8 UN,2B,1.24,1.265,1.375,8
1 3/8-8 UN,3B,1.24,1.2547,1.375,8
1 3/8-10 UNS,2B,1.267,1.288,1.375,10
1 3/8-12 UNF,1B,1.285,1.303,1.375,12
1 3/8-12 UNF,2B,1.285,1.303,1.375,12
1 3/8-12 UNF,3B,1.285,1.2948,1.375,12
1 3/8-14 UNS,2B,1.298,1.314,1.375,14
1 3/8-16 UN,2B,1.307,1.321,1.375,16
1 3/8-16 UN,3B,1.307,1.3158,1.375,16
1 3/8-18 UNEF,2B,1.315,1.328,1.375,18
1 3/8-18 UNEF,3B,1.315,1.323,1.375,18
1 3/8-20 UN,2B,1.321,1.332,1.375,20
1 3/8-20 UN,3B,1.321,1.3287,1.375,20
1 3/8-24 UNS,2B,1.33,1.34,1.375,24
1 3/8-28 UN,2B,1.336,1.345,1.375,28
1 3/8-28 UN,3B,1.336,1.3426,1.375,28
1 7/16-6 UN,2B,1.257,1.288,1.4375,6
1 7/16-6 UN,3B,1.257,1.2771,1.4375,6
1 7/16-8 UN,2B,1.302,1.327,1.4375,8
1 7/16-8 UN,3B,1.302,1.3172,1.4375,8
1 7/16-12 UN,2B,1.347,1.365,1.4375,12
1 7/16-12 UN,3B,1.347,1.3573,1.4375,12
1 7/16-16 UN,2B,1.37,1.384,1.4375,16
1 7/16-16 UN,3B,1.37,1.3783,1.4375,16
1 7/16-18 UNEF,2B,1.377,1.39,1.4375,18
1 7/16-18 UNEF,3B,1.377,1.3855,1.4375,18
1 7/16-20 UN,2B,1.383,1.395,1.4375,20
1 7/16-20 UN,3B,1.383,1.3912,1.4375,20
1 7/16-28 UN,2B,1.399,1.407,1.4375,28
1 7/16-28 UN,3B,1.399,1.4051,1.4375,28
1 1/2-6 UNC,1B,1.32,1.35,1.5,6
1 1/2-6 UNC,2B,1.32,1.35,1.5,6
1 1/2-6 UNC,3B,1.32,1.3396,1.5,6
1 1/2-8 UN,2B,1.365,1.39,1.5,8
1 1/2-8 UN,3B,1.365,1.3797,1.5,8
1 1/2-10 UNS,2B,1.392,1.413,1.5,10
1 1/2-12 UNF,1B,1.41,1.428,1.5,12
1 1/2-12 UNF,2B,1.41,1.428,1.5,12
1 1/2-12 UNF,3B,1.41,1.4198,1.5,12
1 1/2-14 UNS,2B,1.423,1.438,1.5,14
1 1/2-16 UN,2B,1.432,1.446,1.5,16
1 1/2-16 UN,3B,1.432,1.4408,1.5,16
1 1/2-18 UNEF,2B,1.44,1.452,1.5,18
1 1/2-18 UNEF,3B,1.44,1.448,1.5,18
1 1/2-20 UN,2B,1.446,1.457,1.5,20
1 1/2-20 UN,3B,1.446,1.4537,1.5,20
1 1/2-24 UNS,2B,1.455,1.465,1.5,24
1 1/2-28 UN,2B,1.461,1.47,1.5,28
1 1/2-28 UN,3B,1.461,1.4676,1.5,28
1 9/16-6 UN,2B,1.382,1.413,1.5625,6
1 9/16-6 UN,3B,1.382,1.4021,1.5625,6
1 9/16-8 UN,2B,1.427,1.452,1.5625,8
1 9/16-8 UN,3B,1.427,1.4422,1.5625,8
1 9/16-12 UN,2B,1.472,1.49,1.5625,12
1 9/16-12 UN,3B,1.472,1.4823,1.5625,12
1 9/16-16 UN,2B,1.495,1.509,1.5625,16
1 9/16-16 UN,3B,1.495,1.5033,1.5625,16
1 9/16-18 UNEF,2B,1.502,1.515,1.5625,18
1 9/16-18 UNEF,3B,1.502,1.5105,1.5625,18
1 9/16-20 UN,2B,1.508,1.52,1.5625,20
1 9/16-20 UN,3B,1.508,1.5162,1.5625,20
1 5/8-6 UN,2B,1.445,1.475,1.625,6
1 5/8-6 UN,3B,1.445,1.4646,1.625,6
1 5/8-8 UN,2B,1.49,1.515,1.625,8
1 5/8-8 UN,3B,1.49,1.5047,1.625,8
1 5/8-10 UNS,2B,1.517,1.538,1.625,10
1 5/8-12 UN,2B,1.535,1.553,1.625,12
1 5/8-12 UN,3B,1.535,1.5448,1.625,12
1 5/8-14 UNS,2B,1.548,1.564,1.625,14
1 5/8-16 UN,2B,1.557,1.571,1.625,16
1 5/8-16 UN,3B,1.557,1.5658,1.625,16
1 5/8-18 UNEF,2B,1.565,1.578,1.625,18
1 5/8-18 UNEF,3B,1.565,1.573,1.625,18
1 5/8-20 UN,2B,1.571,1.582,1.625,20
1 5/8-20 UN,3B,1.571,1.5787,1.625,20
1 5/8-24 UNS,2B,1.58,1.59,1.625,24
1 11/16-6 UN,2B,1.507,1.538,1.6875,6
1 11/16-6 UN,3B,1.507,1.5271,1.6875,6
1 11/16-8 UN,2B,1.552,1.577,1.6875,8
1 11/16-8 UN,3B,1.552,1.5672,1.6875,8
1 11/16-12 UN,2B,1.597,1.615,1.6875,12
1 11/16-12 UN,3B,1.597,1.6073,1.6875,12
1 11/16-16 UN,2B,1.62,1.634,1.6875,16
1 11/16-16 UN,3B,1.62,1.6283,1.6875,16
1 11/16-18 UNEF,2B,1.627,1.64,1.6875,18
1 11/16-18 UNEF,3B,1.627,1.6355,1.6875,18
1 11/16-20 UN,2B,1.633,1.645,1.6875,20
1 11/16-20 UN,3B,1.633,1.6412,1.6875,20
1 3/4-5 UNC,1B,1.534,1.568,1.75,5
1 3/4-5 UNC,2B,1.534,1.568,1.75,5
1 3/4-5 UNC,3B,1.534,1.5575,1.75,5
1 3/4-6 UN,2B,1.57,1.6,1.75,6
1 3/4-6 UN,3B,1.57,1.5896,1.75,6
1 3/4-8 UN,2B,1.615,1.64,1.75,8
1 3/4-8 UN,3B,1.615,1.6297,1.75,8
1 3/4-10 UNS,2B,1.642,1.663,1.75,10
1 3/4-12 UN,2B,1.66,1.678,1.75,12
1 3/4-12 UN,3B,1.66,1.6698,1.75,12
1 3/4-14 UNS,2B,1.673,1.688,1.75,14
1 3/4-16 UN,2B,1.682,1.696,1.75,16
1 3/4-16 UN,3B,1.682,1.6908,1.75,16
1 3/4-18 UNS,2B,1.69,1.703,1.75,18
1 3/4-20 UN,2B,1.696,1.707,1.75,20
1 3/4-20 UN,3B,1.696,1.7037,1.75,20
1 13/16-6 UN,2B,1.632,1.663,1.8125,6
1 13/16-6 UN,3B,1.632,1.6521,1.8125,6
1 13/16-8 UN,2B,1.677,1.702,1.8125,8
1 13/16-8 UN,3B,1.677,1.6922,1.8125,8
1 13/16-12 UN,2B,1.722,1.74,1.8125,12
1 13/16-12 UN,3B,1.722,1.7323,1.8125,12
1 13/16-16 UN,2B,1.745,1.759,1.8125,16
1 13/16-16 UN,3B,1.745,1.7533,1.8125,16
1 13/16-20 UN,2B,1.758,1.77,1.8125,20
1 13/16-20 UN,3B,1.758,1.7662,1.8125,20
1 7/8-6 UN,2B,1.695,1.725,1.875,6
1 7/8-6 UN,3B,1.695,1.7146,1.875,6
1 7/8-8 UN,2B,1.74,1.765,1.875,8
1 7/8-8 UN,3B,1.74,1.7547,1.875,8
1 7/8-10 UNS,2B,1.767,1.788,1.875,10
1 7/8-12 UN,2B,1.785,1.803,1.875,12
1 7/8-12 UN,3B,1.785,1.7948,1.875,12
1 7/8-14 UNS,2B,1.798,1.814,1.875,14
1 7/8-16 UN,2B,1.807,1.821,1.875,16
1 7/8-16 UN,3B,1.807,1.8158,1.875,16
1 7/8-18 UNS,2B,1.815,1.828,1.875,18
1 7/8-20 UN,2B,1.821,1.832,1.875,20
1 7/8-20 UN,3B,1.821,1.8287,1.875,20
1 15/16-6 UN,2B,1.757,1.788,1.9375,6
1 15/16-6 UN,3B,1.757,1.7771,1.9375,6
1 15/16-8 UN,2B,1.802,1.827,1.9375,8
1 15/16-8 UN,3B,1.802,1.8172,1.9375,8
1 15/16-12 UN,2B,1.847,1.865,1.9375,12
1 15/16-12 UN,3B,1.847,1.8573,1.9375,12
1 15/16-16 UN,2B,1.87,1.884,1.9375,16
1 15/16-16 UN,3B,1.87,1.8783,1.9375,16
1 15/16-20 UN,2B,1.883,1.895,1.9375,20
1 15/16-20 UN,3B,1.883,1.8912,1.9375,20
2-4 1/2 UNC,1B,1.759,1.795,2,4.5
2-4 1/2 UNC,2B,1.759,1.795,2,4.5
2-4 1/2 UNC,3B,1.759,1.7861,2,4.5
2-6 UN,2B,1.82,1.85,2,6
2-6 UN,3B,1.82,1.8396,2,6
2-8 UN,2B,1.865,1.89,2,8
2-8 UN,3B,1.865,1.8797,2,8
2-10 UNS,2B,1.892,1.913,2,10
2-12 UN,2B,1.91,1.928,2,12
2-12 UN,3B,1.91,1.9198,2,12
2-14 UNS,2B,1.923,1.938,2,14
2-16 UN,2B,1.932,1.946,2,16
2-16 UN,3B,1.932,1.9408,2,16
2-18 UNS,2B,1.94,1.953,2,18
2-20 UN,2B,1.946,1.957,2,20
2-20 UN,3B,1.946,1.9537,2,20
2 1/16-16 UNS,2B,1.995,2.009,2.0625,16
2 1/16-16 UNS,3B,1.995,2.0033,2.0625,16
2 1/8-6 UN,2B,1.945,1.975,2.125,6
2 1/8-6 UN,3B,1.945,1.9646,2.125,6
2 1/8 -8 UN,2B,1.99,2.015,2.125,8
2 1/8 -8 UN,3B,1.99,2.0047,2.125,8
2 1/8-12 UN,2B,2.035,2.053,2.125,12
2 1/8-12 UN,3B,2.035,2.0448,2.125,12
2 1/8-16 UN,2B,2.057,2.071,2.125,16
2 1/8-16 UN,3B,2.057,2.0658,2.125,16
2 1/8-20 UN,2B,2.071,2.082,2.125,20
2 1/8-20 UN,3B,2.071,2.0787,2.125,20
2 3/16-16 UNS,2B,2.12,2.134,2.1875,16
2 3/16-16 UNS,3B,2.12,2.1283,2.1875,16
2 1/4-4 /2 UNC 1,1B,2.009,2.045,2.25,4
2 1/4-4 /2 UNC 1,2B,2.009,2.045,2.25,4
2 1/4-4 /2 UNC 1,3B,2.009,2.0361,2.25,4
2 1/4-6 UN,2B,2.07,2.1,2.25,6
2 1/4-6 UN,3B,2.07,2.0896,2.25,6
2 1/4-8 UN,2B,2.115,2.14,2.25,8
2 1/4-8 UN,3B,2.115,2.1297,2.25,8
2 1/4-10 UNS,2B,2.142,2.163,2.25,10
2 1/4-12 UN,2B,2.16,2.178,2.25,12
2 1/4-12 UN,3B,2.16,2.1698,2.25,12
2 1/4-14 UNS,2B,2.173,2.188,2.25,14
2 1/4-16 UN,2B,2.182,2.196,2.25,16
2 1/4-16 UN,3B,2.182,2.1908,2.25,16
2 1/4-18 UNS,2B,2.19,2.203,2.25,18
2 1/4-20 UN,2B,2.196,2.207,2.25,20
2 1/4-20 UN,3B,2.196,2.2037,2.25,20
2 5/16-16 UNS,2B,2.245,2.259,2.3125,16
2 5/16-16 UNS,3B,2.245,2.2533,2.3125,16
2 3/8-6 UN,2B,2.195,2.226,2.375,6
2 3/8-6 UN,3B,2.195,2.2146,2.375,6
2 3/8-8 UN,2B,2.24,2.265,2.375,8
2 3/8-8 UN,3B,2.24,2.2547,2.375,8
2 3/8-12 UN,2B,2.285,2.303,2.375,12
2 3/8-12 UN,3B,2.285,2.2948,2.375,12
2 3/8-16 UN,2B,2.307,2.321,2.375,16
2 3/8-16 UN,3B,2.307,2.3158,2.375,16
2 3/8-20 UN,2B,2.321,2.332,2.375,20
2 3/8-20 UN,3B,2.321,2.3287,2.375,20
2 7/16-16 UNS,2B,2.37,2.384,2.4375,16
2 7/16-16 UNS,3B,2.37,2.3783,2.4375,16
2 1/2-4 UNC,1B,2.229,2.267,2.5,4
2 1/2-4 UNC,2B,2.229,2.267,2.5,4
2 1/2-4 UNC,3B,2.229,2.2594,2.5,4
2 1/2-6 UN,2B,2.32,2.35,2.5,6
2 1/2-6 UN,3B,2.32,2.3396,2.5,6
2 1/2-8 UN,2B,2.365,2.39,2.5,8
2 1/2-8 UN,3B,2.365,2.3797,2.5,8
2 1/2-10 UNS,2B,2.392,2.413,2.5,10
2 1/2-12 UN,2B,2.41,2.428,2.5,12
2 1/2-12 UN,3B,2.41,2.4198,2.5,12
2 1/2-14 UNS,2B,2.423,2.438,2.5,14
2 1/2-16 UN,2B,2.432,2.446,2.5,16
2 1/2-16 UN,3B,2.432,2.4408,2.5,16
2 1/2-18 UNS,2B,2.44,2.453,2.5,18
2 1/2-20 UN,2B,2.446,2.457,2.5,20
2 1/2-20 UN,3B,2.446,2.4537,2.5,20
2 5/8-6 UN,2B,2.445,2.475,2.625,6
2 5/8-6 UN,3B,2.445,2.4646,2.625,6
2 5/8-8 UN,2B,2.49,2.515,2.625,8
2 5/8-8 UN,3B,2.49,2.5047,2.625,8
2 5/8-12 UN,2B,2.535,2.553,2.625,12
2 5/8-12 UN,3B,2.535,2.5448,2.625,12
2 5/8-16 UN,2B,2.557,2.571,2.625,16
2 5/8-16 UN,3B,2.557,2.5658,2.625,16
2 5/8-20 UN,2B,2.571,2.582,2.625,20
2 5/8-20 UN,3B,2.571,2.5787,2.625,20
2 3/4-4 UNC,1B,2.479,2.517,2.75,4
2 3/4-4 UNC,2B,2.479,2.517,2.75,4
2 3/4-4 UNC,3B,2.479,2.5094,2.75,4
2 3/4-6 UN,2B,2.57,2.6,2.75,6
2 3/4-6 UN,3B,2.57,2.5896,2.75,6
2 3/4-8 UN,2B,2.615,2.64,2.75,8
2 3/4-8 UN,3B,2.615,2.6297,2.75,8
2 3/4-10 UNS,2B,2.642,2.663,2.75,10
2 3/4-12 UN,2B,2.66,2.678,2.75,12
2 3/4-12 UN,3B,2.66,2.6698,2.75,12
2 3/4-14 UNS,2B,2.673,2.688,2.75,14
2 3/4-16 UN,2B,2.682,2.696,2.75,16
2 3/4-16 UN,3B,2.682,2.6908,2.75,16
2 3/4-18 UNS,2B,2.69,2.703,2.75,18
2 3/4-20 UN,2B,2.696,2.707,2.75,20
2 3/4-20 UN,3B,2.696,2.7037,2.75,20
2 7/8-6 UN,2B,2.695,2.725,2.875,6
2 7/8-6 UN,3B,2.695,2.7146,2.875,6
2 7/8-8 UN,2B,2.74,2.765,2.875,8
2 7/8-8 UN,3B,2.74,2.7547,2.875,8
2 7/8-12 UN,2B,2.785,2.803,2.875,12
2 7/8-12 UN,3B,2.785,2.7948,2.875,12
2 7/8-16 UN,2B,2.807,2.821,2.875,16
2 7/8-16 UN,3B,2.807,2.8158,2.875,16
2 7/8-20 UN,2B,2.821,2.832,2.875,20
2 7/8-20 UN,3B,2.821,2.8287,2.875,20
3-4 UNC,1B,2.729,2.767,3,4
3-4 UNC,2B,2.729,2.767,3,4
3-4 UNC,3B,2.729,2.7594,3,4
3-6 UN,2B,2.82,2.85,3,6
3-6 UN,3B,2.82,2.8396,3,6
3-8 UN,2B,2.865,2.89,3,8
3-8 UN,3B,2.865,2.8797,3,8
3-10 UNS,2B,2.892,2.913,3,10
3-12 UN,2B,2.91,2.928,3,12
3-12 UN,3B,2.91,2.9198,3,12
3-14 UNS,2B,2.923,2.938,3,14
3-16 UN,2B,2.932,2.946,3,16
3-16 UN,3B,2.932,2.9408,3,16
3-18 UNS,2B,2.94,2.953,3,18
3-20 UN,2B,2.946,2.957,3,20
3-20 UN,3B,2.946,2.9537,3,20
3 1/8-6 UN,2B,2.945,2.975,3.125,6
3 1/8-6 UN,3B,2.945,2.9646,3.125,6
3 1/8-8 UN,2B,2.99,3.015,3.125,8
3 1/8-8 UN,3B,2.99,3.0047,3.125,8
3 1/8-12 UN,2B,3.035,3.053,3.125,12
3 1/8-12 UN,3B,3.035,3.0448,3.125,12
3 1/8-16 UN,2B,3.057,3.071,3.125,16
3 1/8-16 UN,3B,3.057,3.0658,3.125,16
3 1/4-4 UNC,1B,2.979,3.017,3.25,4
3 1/4-4 UNC,2B,2.979,3.017,3.25,4
3 1/4-4 UNC,3B,2.979,3.0094,3.25,4
3 1/4-6 UN,2B,3.07,3.1,3.25,6
3 1/4-6 UN,3B,3.07,3.0896,3.25,6
3 1/4-8 UN,2B,3.115,3.14,3.25,8
3 1/4-8 UN,3B,3.115,3.1297,3.25,8
3 1/4-10 UNS,2B,3.142,3.163,3.25,10
3 1/4-12 UN,2B,3.16,3.178,3.25,12
3 1/4-12 UN,3B,3.16,3.1698,3.25,12
3 1/4-14 UNS,2B,3.173,3.188,3.25,14
3 1/4-16 UN,2B,3.182,3.196,3.25,16
3 1/4-16 UN,3B,3.182,3.1908,3.25,16
3 1/4-18 UNS,2B,3.19,3.203,3.25,18
3 3/8-6 UN,2B,3.195,3.225,3.375,6
3 3/8-6 UN,3B,3.195,3.2146,3.375,6
3 3/8-8 UN,2B,3.24,3.265,3.375,8
3 3/8-8 UN,3B,3.24,3.2547,3.375,8
3 3/8-12 UN,2B,3.285,3.303,3.375,12
3 3/8-12 UN,3B,3.285,3.2948,3.375,12
3 3/8-16 UN,2B,3.307,3.321,3.375,16
3 3/8-16 UN,3B,3.307,3.3158,3.375,16
3 1/2-4 UNC,1B,3.229,3.267,3.5,4
3 1/2-4 UNC,2B,3.229,3.267,3.5,4
3 1/2-4 UNC,3B,3.229,3.2594,3.5,4
3 1/2-6 UN,2B,3.32,3.35,3.5,6
3 1/2-6 UN,3B,3.32,3.3396,3.5,6
3 1/2-8 UN,2B,3.365,3.39,3.5,8
3 1/2-8 UN,3B,3.365,3.3797,3.5,8
3 1/2-10 UNS,2B,3.392,3.413,3.5,10
3 1/2-12 UN,2B,3.41,3.428,3.5,12
3 1/2-12 UN,3B,3.41,3.4198,3.5,12
3 1/2-14 UNS,2B,3.423,3.438,3.5,14
3 1/2-16 UN,2B,3.432,3.446,3.5,16
3 1/2-16 UN,3B,3.432,3.4408,3.5,16
3 1/2-18 UNS,2B,3.44,3.453,3.5,18
3 5/8-6 UN,2B,3.445,3.475,3.625,6
3 5/8-6 UN,3B,3.445,3.4646,3.625,6
3 5/8-8 UN,2B,3.49,3.515,3.625,8
3 5/8-8 UN,3B,3.49,3.5047,3.625,8
3 5/8-12 UN,2B,3.535,3.553,3.625,12
3 5/8-12 UN,3B,3.535,3.5448,3.625,12
3 5/8-16 UN,2B,3.557,3.571,3.625,16
3 5/8-16 UN,3B,3.557,3.5658,3.625,16
3 3/4-4 UNC,1B,3.479,3.517,3.75,4
3 3/4-4 UNC,2B,3.479,3.517,3.75,4
3 3/4-4 UNC,3B,3.479,3.5094,3.75,4
3 3/4-6 UN,2B,3.57,3.6,3.75,6
3 3/4-6 UN,3B,3.57,3.5896,3.75,6
3 3/4-8 UN,2B,3.615,3.64,3.75,8
3 3/4-8 UN,3B,3.615,3.6297,3.75,8
3 3/4-10 UNS,2B,3.642,3.663,3.75,10
3 3/4-12 UN,2B,3.66,3.678,3.75,12
3 3/4-12 UN,3B,3.66,3.6698,3.75,12
3 3/4-14 UNS,2B,3.673,3.688,3.75,14
3 3/4-16 UN,2B,3.682,3.696,3.75,16
3 3/4-16 UN,3B,3.682,3.6908,3.75,16
3 3/4-18 UNS,2B,3.69,3.703,3.75,18
3 7/8-6 UN,2B,3.695,3.725,3.875,6
3 7/8-6 UN,3B,3.695,3.7146,3.875,6
3 7/8-8 UN,2B,3.74,3.765,3.875,8
3 7/8-8 UN,3B,3.74,3.7547,3.875,8
3 7/8-12 UN,2B,3.785,3.803,3.875,12
3 7/8-12 UN,3B,3.785,3.7948,3.875,12
3 7/8-16 UN,2B,3.807,3.821,3.875,16
3 7/8-16 UN,3B,3.807,3.8158,3.875,16
4-4 UNC,1B,3.729,3.767,4,4
4-4 UNC,2B,3.729,3.767,4,4
4-4 UNC,3B,3.729,3.7594,4,4
4-6 UN,2B,3.82,3.85,4,6
4-6 UN,3B,3.82,3.8396,4,6
4-8 UN,2B,3.865,3.89,4,8
4-8 UN,3B,3.865,3.8797,4,8
4-10 UNS,2B,3.892,3.913,4,10
4-12 UN,2B,3.91,3.928,4,12
4-12 UN,3B,3.91,3.9198,4,12
4-14 UNS,2B,3.923,3.938,4,14
4-16 UN,2B,3.932,3.946,4,16
4-16 UN,3B,3.932,3.9408,4,16
4 1/4-10 UNS,2B,4.142,4.163,4.25,10
4 1/4-14 UNS,2B,4.173,4.188,4.25,14
4 1/4-12 UN,2B,4.16,4.178,4.25,12
4 1/4-12 UN,3B,4.16,4.1698,4.25,12
4 1/4-16 UN,2B,4.182,4.196,4.25,16
4 1/4-16 UN,3B,4.182,4.19,4.25,16
4 1/2-10 UNS,2B,4.392,4.413,4.5,10
4 1/2-14 UNS,2B,4.423,4.438,4.5,14
4 1/2-12 UN,2B,4.41,4.428,4.5,12
4 1/2-12 UN,3B,4.41,4.4198,4.5,12
4 1/2-16 UN,2B,4.432,4.446,4.5,16
4 1/2-16 UN,3B,4.432,4.4408,4.5,16
4 3/4-10 UNS,2B,4.642,4.663,4.75,10
4 3/4-14 UNS,2B,4.673,4.688,4.75,14
4 3/4-12 UN,2B,4.66,4.678,4.75,12
4 3/4-12 UN,3B,4.66,4.6698,4.75,12
4 3/4-16 UN,2B,4.682,4.696,4.75,16
4 3/4-16 UN,3B,4.682,4.6908,4.75,16
5-10 UNS,2B,4.892,4.913,5,10
5-14 UNS,2B,4.923,4.938,5,14
5-12 UN,2B,4.91,4.928,5,12
5-12 UN,3B,4.91,4.9198,5,12
5-16 UN,2B,4.932,4.946,5,16
5-16 UN,3B,4.932,4.9408,5,16
5 1/4-10 UNS,2B,5.142,5.163,5.25,10
5 1/4-14 UNS,2B,5.173,5.188,5.25,14
5 1/4-12 UN,2B,5.16,5.178,5.25,12
5 1/4-12 UN,3B,5.16,5.1698,5.25,12
5 1/4-16 UN,2B,5.182,5.196,5.25,16
5 1/4-16 UN,3B,5.182,5.1908,5.25,16
5 1/2-10 UNS,2B,5.392,5.413,5.5,10
5 1/2-14 UNS,2B,5.423,5.438,5.5,14
5 1/2-12 UN,2B,5.41,5.428,5.5,12
5 1/2-12 UN,3B,5.41,5.4198,5.5,12
5 1/2-16 UN,2B,5.432,5.446,5.5,16
5 1/2-16 UN,3B,5.432,5.4408,5.5,16
5 3/4-10 UNS,2B,5.642,5.663,5.75,10
5 3/4-14 UNS,2B,5.673,5.688,5.75,14
5 3/4-12 UN,2B,5.66,5.678,5.75,12
5 3/4-12 UN,3B,5.66,5.6698,5.75,12
5 3/4-16 UN,2B,5.682,5.696,5.75,16
5 3/4-16 UN,3B,5.682,5.6908,5.75,16
6-10 UNS,2B,5.892,5.913,6,10
6-14 UNS,2B,5.923,5.938,6,14
6-12 UN,2B,5.91,5.928,6,12
6-12 UN,3B,5.91,5.9198,6,12
6-16 UN,2B,5.932,5.946,6,16
6-16 UN,3B,5.932,5.9408,6,16
